{
    "accuracy": 0.256487637758255,
    "batch_size": 16,
    "lr": 0.027101285250759066,
    "momentum": 0.7204107810977499
}